ScreenID,ModelID
SC-001041.AV01,ACH-001041
SC-001737.AV01,ACH-001737
SC-000921.AV01,ACH-000921
SC-000004.AV01,ACH-000004
SC-000005.AV01,ACH-000005
SC-000007.AV01,ACH-000007
SC-000009.AV01,ACH-000009
SC-000011.AV01,ACH-000011
SC-000012.AV01,ACH-000012
SC-000013.AV01,ACH-000013
SC-000014.AV01,ACH-000014
SC-000015.AV01,ACH-000015
SC-000017.AV01,ACH-000017
SC-000018.AV01,ACH-000018
SC-000019.AV01,ACH-000019
SC-000021.AV01,ACH-000021
SC-000022.AV01,ACH-000022
SC-000024.AV01,ACH-000024
SC-000025.AV01,ACH-000025
SC-000026.AV01,ACH-000026
SC-000028.AV01,ACH-000028
SC-000029.AV01,ACH-000029
SC-000030.AV01,ACH-000030
SC-000035.AV01,ACH-000035
SC-000036.AV01,ACH-000036
SC-000037.AV01,ACH-000037
SC-000039.AV01,ACH-000039
SC-000040.AV01,ACH-000040
SC-000041.AV01,ACH-000041
SC-000042.AV01,ACH-000042
SC-000045.AV02,ACH-000045
SC-000047.AV01,ACH-000047
SC-000048.AV01,ACH-000048
SC-000052.AV01,ACH-000052
SC-000053.AV01,ACH-000053
SC-000054.AV01,ACH-000054
SC-000055.AV01,ACH-000055
SC-000060.AV01,ACH-000060
SC-000067.AV01,ACH-000067
SC-000070.AV01,ACH-000070
SC-000074.AV01,ACH-000074
SC-000075.AV01,ACH-000075
SC-000076.AV01,ACH-000076
SC-000077.AV01,ACH-000077
SC-000078.AV01,ACH-000078
SC-000082.AV01,ACH-000082
SC-000085.AV01,ACH-000085
SC-000086.AV01,ACH-000086
SC-000087.AV01,ACH-000087
SC-000090.AV02,ACH-000090
SC-000092.AV01,ACH-000092
SC-000093.AV01,ACH-000093
SC-000095.AV01,ACH-000095
SC-000096.AV01,ACH-000096
SC-000097.AV01,ACH-000097
SC-000098.AV01,ACH-000098
SC-000099.AV01,ACH-000099
SC-000100.AV01,ACH-000100
SC-000101.AV01,ACH-000101
SC-000106.AV01,ACH-000106
SC-000108.AV01,ACH-000108
SC-000111.AV01,ACH-000111
SC-000113.AV01,ACH-000113
SC-000114.AV01,ACH-000114
SC-000115.AV02,ACH-000115
SC-000116.AV01,ACH-000116
SC-000118.AV01,ACH-000118
SC-000120.AV01,ACH-000120
SC-000123.AV01,ACH-000123
SC-000127.AV01,ACH-000127
SC-000128.AV01,ACH-000128
SC-000132.AV01,ACH-000132
SC-000133.AV01,ACH-000133
SC-000137.AV01,ACH-000137
SC-000138.AV01,ACH-000138
SC-000141.AV01,ACH-000141
SC-000142.AV01,ACH-000142
SC-000143.AV01,ACH-000143
SC-000145.AV01,ACH-000145
SC-000146.AV01,ACH-000146
SC-000147.AV01,ACH-000147
SC-000148.AV01,ACH-000148
SC-000151.AV01,ACH-000151
SC-000152.AV01,ACH-000152
SC-000153.AV01,ACH-000153
SC-000159.AV01,ACH-000159
SC-000160.AV01,ACH-000160
SC-000161.AV01,ACH-000161
SC-000163.AV01,ACH-000163
SC-000164.AV01,ACH-000164
SC-000167.AV01,ACH-000167
SC-000168.AV01,ACH-000168
SC-000169.AV01,ACH-000169
SC-000172.AV01,ACH-000172
SC-000174.AV01,ACH-000174
SC-000178.AV01,ACH-000178
SC-000182.AV01,ACH-000182
SC-000183.AV01,ACH-000183
SC-000187.AV01,ACH-000187
SC-000188.AV01,ACH-000188
SC-000189.AV01,ACH-000189
SC-000190.AV01,ACH-000190
SC-000191.AV01,ACH-000191
SC-000195.AV02,ACH-000195
SC-000198.AV01,ACH-000198
SC-000200.AV01,ACH-000200
SC-000202.AV01,ACH-000202
SC-000203.AV01,ACH-000203
SC-000204.AV01,ACH-000204
SC-000206.AV01,ACH-000206
SC-000207.AV01,ACH-000207
SC-000208.AV01,ACH-000208
SC-000209.AV01,ACH-000209
SC-000210.AV01,ACH-000210
SC-000211.AV01,ACH-000211
SC-000212.AV01,ACH-000212
SC-000215.AV01,ACH-000215
SC-000216.AV01,ACH-000216
SC-000217.AV01,ACH-000217
SC-000219.AV01,ACH-000219
SC-000221.AV01,ACH-000221
SC-000222.AV01,ACH-000222
SC-000223.AV01,ACH-000223
SC-000226.AV01,ACH-000226
SC-000227.AV01,ACH-000227
SC-000228.AV01,ACH-000228
SC-000231.AV01,ACH-000231
SC-000232.AV01,ACH-000232
SC-000233.AV01,ACH-000233
SC-000234.AV01,ACH-000234
SC-000235.AV01,ACH-000235
SC-000237.AV01,ACH-000237
SC-000238.AV02,ACH-000238
SC-000239.AV01,ACH-000239
SC-000242.AV01,ACH-000242
SC-000243.AV01,ACH-000243
SC-000244.AV01,ACH-000244
SC-000246.AV01,ACH-000246
SC-000247.AV01,ACH-000247
SC-000248.AV01,ACH-000248
SC-000250.AV01,ACH-000250
SC-000251.AV01,ACH-000251
SC-000252.AV01,ACH-000252
SC-000253.AV01,ACH-000253
SC-000255.AV01,ACH-000255
SC-000256.AV01,ACH-000256
SC-000257.AV01,ACH-000257
SC-000258.AV01,ACH-000258
SC-000259.AV01,ACH-000259
SC-000260.AV01,ACH-000260
SC-000261.AV01,ACH-000261
SC-000262.AV01,ACH-000262
SC-000263.AV01,ACH-000263
SC-000264.AV01,ACH-000264
SC-000265.AV01,ACH-000265
SC-000266.AV01,ACH-000266
SC-000268.AV01,ACH-000268
SC-000272.AV01,ACH-000272
SC-000273.AV01,ACH-000273
SC-000274.AV01,ACH-000274
SC-000276.AV01,ACH-000276
SC-000277.AV01,ACH-000277
SC-000278.AV01,ACH-000278
SC-000279.AV01,ACH-000279
SC-000280.AV01,ACH-000280
SC-000281.AV01,ACH-000281
SC-000286.AV01,ACH-000286
SC-000288.AV01,ACH-000288
SC-000290.AV01,ACH-000290
SC-000291.AV01,ACH-000291
SC-000292.AV01,ACH-000292
SC-000293.AV01,ACH-000293
SC-000294.AV01,ACH-000294
SC-000295.AV01,ACH-000295
SC-000296.AV01,ACH-000296
SC-000302.AV01,ACH-000302
SC-000303.AV01,ACH-000303
SC-000304.AV01,ACH-000304
SC-000305.AV01,ACH-000305
SC-000307.AV01,ACH-000307
SC-000308.AV01,ACH-000308
SC-000310.AV01,ACH-000310
SC-000311.AV01,ACH-000311
SC-000312.AV01,ACH-000312
SC-000313.AV01,ACH-000313
SC-000315.AV01,ACH-000315
SC-000316.AV01,ACH-000316
SC-000317.AV01,ACH-000317
SC-000318.AV01,ACH-000318
SC-000319.AV01,ACH-000319
SC-000320.AV01,ACH-000320
SC-000322.AV01,ACH-000322
SC-000323.AV01,ACH-000323
SC-000324.AV01,ACH-000324
SC-000325.AV02,ACH-000325
SC-000326.AV01,ACH-000326
SC-000329.AV01,ACH-000329
SC-000330.AV01,ACH-000330
SC-000331.AV01,ACH-000331
SC-000332.AV01,ACH-000332
SC-000334.AV01,ACH-000334
SC-000335.AV01,ACH-000335
SC-000336.AV01,ACH-000336
SC-000337.AV01,ACH-000337
SC-000338.AV01,ACH-000338
SC-000339.AV01,ACH-000339
SC-000341.AV01,ACH-000341
SC-000343.AV02,ACH-000343
SC-000344.AV01,ACH-000344
SC-000345.AV01,ACH-000345
SC-000346.AV01,ACH-000346
SC-000348.AV01,ACH-000348
SC-000350.AV01,ACH-000350
SC-000352.AV01,ACH-000352
SC-000355.AV01,ACH-000355
SC-000356.AV01,ACH-000356
SC-000359.AV01,ACH-000359
SC-000361.AV01,ACH-000361
SC-000362.AV01,ACH-000362
SC-000363.AV01,ACH-000363
SC-000364.AV01,ACH-000364
SC-000365.AV01,ACH-000365
SC-000366.AV01,ACH-000366
SC-000368.AV01,ACH-000368
SC-000370.AV01,ACH-000370
SC-000371.AV01,ACH-000371
SC-000374.AV01,ACH-000374
SC-000375.AV01,ACH-000375
SC-000376.AV01,ACH-000376
SC-000377.AV01,ACH-000377
SC-000378.AV01,ACH-000378
SC-000381.AV01,ACH-000381
SC-000383.AV01,ACH-000383
SC-000385.AV01,ACH-000385
SC-000387.AV01,ACH-000387
SC-000389.AV01,ACH-000389
SC-000390.AV01,ACH-000390
SC-000391.AV01,ACH-000391
SC-000393.AV01,ACH-000393
SC-000395.AV01,ACH-000395
SC-000396.AV01,ACH-000396
SC-000397.AV01,ACH-000397
SC-000398.AV01,ACH-000398
SC-000401.AV01,ACH-000401
SC-000402.AV01,ACH-000402
SC-000403.AV01,ACH-000403
SC-000404.AV01,ACH-000404
SC-000405.AV01,ACH-000405
SC-000406.AV01,ACH-000406
SC-000407.AV01,ACH-000407
SC-000408.AV01,ACH-000408
SC-000410.AV01,ACH-000410
SC-000411.AV01,ACH-000411
SC-000414.AV01,ACH-000414
SC-000415.AV01,ACH-000415
SC-000416.AV01,ACH-000416
SC-000417.AV01,ACH-000417
SC-000420.AV01,ACH-000420
SC-000421.AV01,ACH-000421
SC-000422.AV01,ACH-000422
SC-000424.AV01,ACH-000424
SC-000425.AV01,ACH-000425
SC-000426.AV01,ACH-000426
SC-000427.AV01,ACH-000427
SC-000431.AV01,ACH-000431
SC-000433.AV01,ACH-000433
SC-000434.AV01,ACH-000434
SC-000435.AV01,ACH-000435
SC-000436.AV01,ACH-000436
SC-000437.AV01,ACH-000437
SC-000438.AV01,ACH-000438
SC-000441.AV02,ACH-000441
SC-000444.AV01,ACH-000444
SC-000445.AV01,ACH-000445
SC-000448.AV01,ACH-000448
SC-000450.AV01,ACH-000450
SC-000452.AV01,ACH-000452
SC-000454.AV01,ACH-000454
SC-000455.AV01,ACH-000455
SC-000456.AV01,ACH-000456
SC-000458.AV01,ACH-000458
SC-000459.AV01,ACH-000459
SC-000460.AV01,ACH-000460
SC-000461.AV01,ACH-000461
SC-000463.AV01,ACH-000463
SC-000464.AV01,ACH-000464
SC-000466.AV01,ACH-000466
SC-000467.AV01,ACH-000467
SC-000468.AV01,ACH-000468
SC-000469.AV01,ACH-000469
SC-000470.AV01,ACH-000470
SC-000471.AV01,ACH-000471
SC-000472.AV01,ACH-000472
SC-000473.AV01,ACH-000473
SC-000475.AV01,ACH-000475
SC-000476.AV01,ACH-000476
SC-000477.AV01,ACH-000477
SC-000478.AV01,ACH-000478
SC-000479.AV01,ACH-000479
SC-000480.AV01,ACH-000480
SC-000481.AV01,ACH-000481
SC-000483.AV01,ACH-000483
SC-000484.AV01,ACH-000484
SC-000485.AV01,ACH-000485
SC-000486.AV01,ACH-000486
SC-000487.AV01,ACH-000487
SC-000488.AV01,ACH-000488
SC-000489.AV01,ACH-000489
SC-000490.AV01,ACH-000490
SC-000491.AV01,ACH-000491
SC-000493.AV01,ACH-000493
SC-000495.AV01,ACH-000495
SC-000496.AV01,ACH-000496
SC-000498.AV01,ACH-000498
SC-000499.AV01,ACH-000499
SC-000500.AV01,ACH-000500
SC-000502.AV01,ACH-000502
SC-000503.AV01,ACH-000503
SC-000504.AV01,ACH-000504
SC-000505.AV01,ACH-000505
SC-000507.AV01,ACH-000507
SC-000510.AV01,ACH-000510
SC-000511.AV01,ACH-000511
SC-000512.AV01,ACH-000512
SC-000514.AV01,ACH-000514
SC-000515.AV01,ACH-000515
SC-000516.AV01,ACH-000516
SC-000517.AV01,ACH-000517
SC-000518.AV01,ACH-000518
SC-000519.AV01,ACH-000519
SC-000520.AV01,ACH-000520
SC-000521.AV01,ACH-000521
SC-000522.AV01,ACH-000522
SC-000524.AV01,ACH-000524
SC-000525.AV01,ACH-000525
SC-000527.AV01,ACH-000527
SC-000528.AV01,ACH-000528
SC-000532.AV01,ACH-000532
SC-000533.AV01,ACH-000533
SC-000535.AV01,ACH-000535
SC-000537.AV01,ACH-000537
SC-000541.AV01,ACH-000541
SC-000542.AV01,ACH-000542
SC-000544.AV01,ACH-000544
SC-000545.AV01,ACH-000545
SC-000547.AV01,ACH-000547
SC-000548.AV01,ACH-000548
SC-000549.AV01,ACH-000549
SC-000550.AV01,ACH-000550
SC-000551.AV01,ACH-000551
SC-000552.AV01,ACH-000552
SC-000556.AV01,ACH-000556
SC-000557.AV01,ACH-000557
SC-000559.AV01,ACH-000559
SC-000563.AV01,ACH-000563
SC-000567.AV01,ACH-000567
SC-000569.AV01,ACH-000569
SC-000570.AV01,ACH-000570
SC-000571.AV01,ACH-000571
SC-000573.AV01,ACH-000573
SC-000576.AV01,ACH-000576
SC-000577.AV01,ACH-000577
SC-000579.AV01,ACH-000579
SC-000580.AV01,ACH-000580
SC-000581.AV02,ACH-000581
SC-000583.AV01,ACH-000583
SC-000584.AV01,ACH-000584
SC-000585.AV01,ACH-000585
SC-000587.AV01,ACH-000587
SC-000588.AV01,ACH-000588
SC-000589.AV01,ACH-000589
SC-000591.AV01,ACH-000591
SC-000592.AV01,ACH-000592
SC-000593.AV01,ACH-000593
SC-000595.AV01,ACH-000595
SC-000596.AV01,ACH-000596
SC-000597.AV01,ACH-000597
SC-000599.AV01,ACH-000599
SC-000601.AV01,ACH-000601
SC-000602.AV03,ACH-000602
SC-000604.AV01,ACH-000604
SC-000605.AV01,ACH-000605
SC-000606.AV01,ACH-000606
SC-000607.AV02,ACH-000607
SC-000608.AV01,ACH-000608
SC-000609.AV01,ACH-000609
SC-000614.AV01,ACH-000614
SC-000616.AV01,ACH-000616
SC-000618.AV01,ACH-000618
SC-000619.AV01,ACH-000619
SC-000620.AV01,ACH-000620
SC-000621.AV01,ACH-000621
SC-000622.AV01,ACH-000622
SC-000623.AV01,ACH-000623
SC-000624.AV01,ACH-000624
SC-000627.AV01,ACH-000627
SC-000630.AV01,ACH-000630
SC-000631.AV01,ACH-000631
SC-000632.AV01,ACH-000632
SC-000633.AV01,ACH-000633
SC-000634.AV01,ACH-000634
SC-000637.AV01,ACH-000637
SC-000638.AV01,ACH-000638
SC-000639.AV01,ACH-000639
SC-000645.AV02,ACH-000645
SC-000646.AV01,ACH-000646
SC-000647.AV01,ACH-000647
SC-000648.AV01,ACH-000648
SC-000649.AV01,ACH-000649
SC-000651.AV01,ACH-000651
SC-000652.AV01,ACH-000652
SC-000653.AV01,ACH-000653
SC-000654.AV01,ACH-000654
SC-000655.AV01,ACH-000655
SC-000657.AV01,ACH-000657
SC-000661.AV01,ACH-000661
SC-000662.AV01,ACH-000662
SC-000663.AV01,ACH-000663
SC-000664.AV01,ACH-000664
SC-000665.AV01,ACH-000665
SC-000667.AV01,ACH-000667
SC-000671.AV01,ACH-000671
SC-000672.AV01,ACH-000672
SC-000673.AV01,ACH-000673
SC-000676.AV01,ACH-000676
SC-000677.AV01,ACH-000677
SC-000681.AV01,ACH-000681
SC-000682.AV01,ACH-000682
SC-000683.AV01,ACH-000683
SC-000684.AV01,ACH-000684
SC-000685.AV01,ACH-000685
SC-000688.AV01,ACH-000688
SC-000693.AV01,ACH-000693
SC-000694.AV01,ACH-000694
SC-000695.AV01,ACH-000695
SC-000696.AV01,ACH-000696
SC-000697.AV01,ACH-000697
SC-000698.AV01,ACH-000698
SC-000699.AV01,ACH-000699
SC-000700.AV01,ACH-000700
SC-000701.AV01,ACH-000701
SC-000702.AV01,ACH-000702
SC-000706.AV01,ACH-000706
SC-000709.AV02,ACH-000709
SC-000711.AV01,ACH-000711
SC-000713.AV01,ACH-000713
SC-000714.AV01,ACH-000714
SC-000716.AV01,ACH-000716
SC-000718.AV01,ACH-000718
SC-000719.AV02,ACH-000719
SC-000720.AV01,ACH-000720
SC-000721.AV01,ACH-000721
SC-000724.AV01,ACH-000724
SC-000725.AV01,ACH-000725
SC-000732.AV01,ACH-000732
SC-000734.AV01,ACH-000734
SC-000735.AV01,ACH-000735
SC-000736.AV01,ACH-000736
SC-000738.AV01,ACH-000738
SC-000739.AV01,ACH-000739
SC-000740.AV01,ACH-000740
SC-000741.AV01,ACH-000741
SC-000746.AV01,ACH-000746
SC-000747.AV01,ACH-000747
SC-000748.AV01,ACH-000748
SC-000753.AV01,ACH-000753
SC-000754.AV01,ACH-000754
SC-000756.AV01,ACH-000756
SC-000757.AV01,ACH-000757
SC-000758.AV01,ACH-000758
SC-000760.AV01,ACH-000760
SC-000762.AV01,ACH-000762
SC-000763.AV01,ACH-000763
SC-000764.AV01,ACH-000764
SC-000765.AV01,ACH-000765
SC-000766.AV01,ACH-000766
SC-000767.AV01,ACH-000767
SC-000768.AV01,ACH-000768
SC-000769.AV01,ACH-000769
SC-000770.AV01,ACH-000770
SC-000771.AV01,ACH-000771
SC-000773.AV01,ACH-000773
SC-000774.AV01,ACH-000774
SC-000775.AV01,ACH-000775
SC-000776.AV01,ACH-000776
SC-000777.AV01,ACH-000777
SC-000778.AV01,ACH-000778
SC-000781.AV01,ACH-000781
SC-000782.AV01,ACH-000782
SC-000783.AV01,ACH-000783
SC-000784.AV01,ACH-000784
SC-000785.AV01,ACH-000785
SC-000787.AV01,ACH-000787
SC-000788.AV01,ACH-000788
SC-000790.AV01,ACH-000790
SC-000791.AV01,ACH-000791
SC-000792.AV01,ACH-000792
SC-000793.AV01,ACH-000793
SC-000794.AV01,ACH-000794
SC-000796.AV01,ACH-000796
SC-000798.AV01,ACH-000798
SC-000799.AV01,ACH-000799
SC-000800.AV01,ACH-000800
SC-000801.AV01,ACH-000801
SC-000802.AV01,ACH-000802
SC-000804.AV01,ACH-000804
SC-000805.AV01,ACH-000805
SC-000807.AV01,ACH-000807
SC-000809.AV01,ACH-000809
SC-000810.AV01,ACH-000810
SC-000811.AV01,ACH-000811
SC-000817.AV01,ACH-000817
SC-000819.AV01,ACH-000819
SC-000820.AV01,ACH-000820
SC-000821.AV01,ACH-000821
SC-000822.AV01,ACH-000822
SC-000823.AV01,ACH-000823
SC-000824.AV01,ACH-000824
SC-000826.AV02,ACH-000826
SC-000827.AV01,ACH-000827
SC-000829.AV01,ACH-000829
SC-000831.AV01,ACH-000831
SC-000832.AV01,ACH-000832
SC-000833.AV01,ACH-000833
SC-000834.AV01,ACH-000834
SC-000835.AV01,ACH-000835
SC-000836.AV01,ACH-000836
SC-000837.AV01,ACH-000837
SC-000838.AV01,ACH-000838
SC-000839.AV01,ACH-000839
SC-000840.AV01,ACH-000840
SC-000841.AV01,ACH-000841
SC-000843.AV01,ACH-000843
SC-000845.AV01,ACH-000845
SC-000846.AV01,ACH-000846
SC-000847.AV01,ACH-000847
SC-000848.AV01,ACH-000848
SC-000849.AV01,ACH-000849
SC-000851.AV01,ACH-000851
SC-000853.AV01,ACH-000853
SC-000855.AV01,ACH-000855
SC-000856.AV01,ACH-000856
SC-000858.AV01,ACH-000858
SC-000859.AV01,ACH-000859
SC-000860.AV01,ACH-000860
SC-000861.AV01,ACH-000861
SC-000862.AV01,ACH-000862
SC-000865.AV01,ACH-000865
SC-000866.AV01,ACH-000866
SC-000867.AV01,ACH-000867
SC-000869.AV01,ACH-000869
SC-000871.AV01,ACH-000871
SC-000872.AV01,ACH-000872
SC-000873.AV01,ACH-000873
SC-000876.AV01,ACH-000876
SC-000878.AV01,ACH-000878
SC-000880.AV01,ACH-000880
SC-000881.AV01,ACH-000881
SC-000882.AV01,ACH-000882
SC-000884.AV01,ACH-000884
SC-000885.AV01,ACH-000885
SC-000886.AV01,ACH-000886
SC-000887.AV01,ACH-000887
SC-000888.AV02,ACH-000888
SC-000889.AV01,ACH-000889
SC-000890.AV01,ACH-000890
SC-000896.AV01,ACH-000896
SC-000898.AV01,ACH-000898
SC-000899.AV02,ACH-000899
SC-000900.AV01,ACH-000900
SC-000901.AV01,ACH-000901
SC-000903.AV01,ACH-000903
SC-000905.AV01,ACH-000905
SC-000906.AV01,ACH-000906
SC-000907.AV01,ACH-000907
SC-000910.AV01,ACH-000910
SC-000911.AV01,ACH-000911
SC-000912.AV01,ACH-000912
SC-000913.AV01,ACH-000913
SC-000914.AV01,ACH-000914
SC-000915.AV01,ACH-000915
SC-000916.AV01,ACH-000916
SC-000917.AV01,ACH-000917
SC-000919.AV02,ACH-000919
SC-000920.AV01,ACH-000920
SC-000922.AV01,ACH-000922
SC-000924.AV01,ACH-000924
SC-000926.AV01,ACH-000926
SC-000928.AV01,ACH-000928
SC-000929.AV01,ACH-000929
SC-000932.AV01,ACH-000932
SC-000935.AV01,ACH-000935
SC-000936.AV01,ACH-000936
SC-000937.AV01,ACH-000937
SC-000938.AV01,ACH-000938
SC-000939.AV01,ACH-000939
SC-000941.AV01,ACH-000941
SC-000943.AV01,ACH-000943
SC-000944.AV01,ACH-000944
SC-000946.AV01,ACH-000946
SC-000947.AV01,ACH-000947
SC-000948.AV02,ACH-000948
SC-000950.AV01,ACH-000950
SC-000953.AV01,ACH-000953
SC-000957.AV01,ACH-000957
SC-000958.AV01,ACH-000958
SC-000959.AV02,ACH-000959
SC-000960.AV01,ACH-000960
SC-000961.AV02,ACH-000961
SC-000963.AV01,ACH-000963
SC-000965.AV01,ACH-000965
SC-000968.AV01,ACH-000968
SC-000969.AV01,ACH-000969
SC-000972.AV01,ACH-000972
SC-000973.AV01,ACH-000973
SC-000974.AV01,ACH-000974
SC-000975.AV01,ACH-000975
SC-000976.AV01,ACH-000976
SC-000977.AV01,ACH-000977
SC-000978.AV01,ACH-000978
SC-000980.AV01,ACH-000980
SC-000983.AV01,ACH-000983
SC-000984.AV01,ACH-000984
SC-000986.AV01,ACH-000986
SC-000988.AV01,ACH-000988
SC-000993.AV01,ACH-000993
SC-000994.AV01,ACH-000994
SC-000995.AV01,ACH-000995
SC-000996.AV01,ACH-000996
SC-001001.AV01,ACH-001001
SC-001020.AV01,ACH-001020
SC-001028.AV01,ACH-001028
SC-001029.AV02,ACH-001029
SC-001031.AV01,ACH-001031
SC-001033.AV01,ACH-001033
SC-001036.AV01,ACH-001036
SC-001038.AV01,ACH-001038
SC-001048.AV01,ACH-001048
SC-001050.AV01,ACH-001050
SC-001053.AV01,ACH-001053
SC-001054.AV01,ACH-001054
SC-001061.AV01,ACH-001061
SC-001067.AV01,ACH-001067
SC-001075.AV01,ACH-001075
SC-001096.AV01,ACH-001096
SC-001098.AV01,ACH-001098
SC-001099.AV01,ACH-001099
SC-001111.AV01,ACH-001111
SC-001119.AV01,ACH-001119
SC-001128.AV01,ACH-001128
SC-001129.AV01,ACH-001129
SC-001134.AV01,ACH-001134
SC-001145.AV01,ACH-001145
SC-001151.AV01,ACH-001151
SC-001163.AV01,ACH-001163
SC-001164.AV01,ACH-001164
SC-001172.AV01,ACH-001172
SC-001183.AV01,ACH-001183
SC-001184.AV01,ACH-001184
SC-001188.AV01,ACH-001188
SC-001190.AV01,ACH-001190
SC-001192.AV01,ACH-001192
SC-001193.AV01,ACH-001193
SC-001194.AV01,ACH-001194
SC-001196.AV01,ACH-001196
SC-001197.AV01,ACH-001197
SC-001205.AV01,ACH-001205
SC-001211.AV01,ACH-001211
SC-001228.AV01,ACH-001228
SC-001229.AV01,ACH-001229
SC-001232.AV01,ACH-001232
SC-001239.AV01,ACH-001239
SC-001270.AV01,ACH-001270
SC-001274.AV01,ACH-001274
SC-001275.AV01,ACH-001275
SC-001277.AV01,ACH-001277
SC-001278.AV01,ACH-001278
SC-001279.AV02,ACH-001279
SC-001280.AV01,ACH-001280
SC-001283.AV01,ACH-001283
SC-001289.AV01,ACH-001289
SC-001295.AV01,ACH-001295
SC-001300.AV01,ACH-001300
SC-001301.AV01,ACH-001301
SC-001302.AV01,ACH-001302
SC-001303.AV01,ACH-001303
SC-001306.AV01,ACH-001306
SC-001307.AV01,ACH-001307
SC-001310.AV01,ACH-001310
SC-001318.AV01,ACH-001318
SC-001322.AV01,ACH-001322
SC-001328.AV01,ACH-001328
SC-001329.AV01,ACH-001329
SC-001332.AV01,ACH-001332
SC-001333.AV01,ACH-001333
SC-001334.AV01,ACH-001334
SC-001335.AV01,ACH-001335
SC-001336.AV01,ACH-001336
SC-001338.AV01,ACH-001338
SC-001340.AV01,ACH-001340
SC-001341.AV01,ACH-001341
SC-001344.AV01,ACH-001344
SC-001345.AV01,ACH-001345
SC-001346.AV01,ACH-001346
SC-001347.AV01,ACH-001347
SC-001353.AV01,ACH-001353
SC-001354.AV01,ACH-001354
SC-001356.AV01,ACH-001356
SC-001360.AV01,ACH-001360
SC-001366.AV01,ACH-001366
SC-001367.AV01,ACH-001367
SC-001368.AV01,ACH-001368
SC-001370.AV01,ACH-001370
SC-001374.AV01,ACH-001374
SC-001375.AV01,ACH-001375
SC-001377.AV01,ACH-001377
SC-001379.AV01,ACH-001379
SC-001380.AV01,ACH-001380
SC-001382.AV01,ACH-001382
SC-001385.AV01,ACH-001385
SC-001386.AV01,ACH-001386
SC-001388.AV01,ACH-001388
SC-001389.AV01,ACH-001389
SC-001390.AV01,ACH-001390
SC-001391.AV01,ACH-001391
SC-001392.AV01,ACH-001392
SC-001393.AV01,ACH-001393
SC-001394.AV01,ACH-001394
SC-001396.AV01,ACH-001396
SC-001398.AV01,ACH-001398
SC-001400.AV01,ACH-001400
SC-001401.AV02,ACH-001401
SC-001402.AV01,ACH-001402
SC-001403.AV01,ACH-001403
SC-001407.AV01,ACH-001407
SC-001408.AV01,ACH-001408
SC-001409.AV01,ACH-001409
SC-001411.AV01,ACH-001411
SC-001412.AV01,ACH-001412
SC-001413.AV01,ACH-001413
SC-001414.AV01,ACH-001414
SC-001415.AV01,ACH-001415
SC-001416.AV01,ACH-001416
SC-001418.AV01,ACH-001418
SC-001419.AV01,ACH-001419
SC-001421.AV01,ACH-001421
SC-001422.AV01,ACH-001422
SC-001430.AV01,ACH-001430
SC-001431.AV01,ACH-001431
SC-001433.AV01,ACH-001433
SC-001436.AV01,ACH-001436
SC-001442.AV01,ACH-001442
SC-001443.AV01,ACH-001443
SC-001450.AV01,ACH-001450
SC-001451.AV01,ACH-001451
SC-001453.AV01,ACH-001453
SC-001454.AV01,ACH-001454
SC-001458.AV01,ACH-001458
SC-001459.AV01,ACH-001459
SC-001460.AV01,ACH-001460
SC-001461.AV01,ACH-001461
SC-001481.AV01,ACH-001481
SC-001484.AV01,ACH-001484
SC-001494.AV01,ACH-001494
SC-001495.AV01,ACH-001495
SC-001496.AV01,ACH-001496
SC-001497.AV01,ACH-001497
SC-001498.AV01,ACH-001498
SC-001500.AV01,ACH-001500
SC-001509.AV01,ACH-001509
SC-001510.AV01,ACH-001510
SC-001511.AV01,ACH-001511
SC-001513.AV01,ACH-001513
SC-001515.AV01,ACH-001515
SC-001517.AV01,ACH-001517
SC-001518.AV01,ACH-001518
SC-001520.AV01,ACH-001520
SC-001521.AV01,ACH-001521
SC-001522.AV01,ACH-001522
SC-001523.AV01,ACH-001523
SC-001524.AV01,ACH-001524
SC-001525.AV01,ACH-001525
SC-001526.AV02,ACH-001526
SC-001528.AV01,ACH-001528
SC-001529.AV01,ACH-001529
SC-001530.AV01,ACH-001530
SC-001532.AV01,ACH-001532
SC-001533.AV01,ACH-001533
SC-001536.AV01,ACH-001536
SC-001538.AV01,ACH-001538
SC-001539.AV01,ACH-001539
SC-001542.AV01,ACH-001542
SC-001543.AV01,ACH-001543
SC-001547.AV01,ACH-001547
SC-001548.AV01,ACH-001548
SC-001549.AV01,ACH-001549
SC-001550.AV01,ACH-001550
SC-001551.AV01,ACH-001551
SC-001552.AV01,ACH-001552
SC-001554.AV01,ACH-001554
SC-001555.AV01,ACH-001555
SC-001556.AV01,ACH-001556
SC-001557.AV01,ACH-001557
SC-001558.AV01,ACH-001558
SC-001559.AV01,ACH-001559
SC-001560.AV01,ACH-001560
SC-001562.AV01,ACH-001562
SC-001563.AV01,ACH-001563
SC-001566.AV01,ACH-001566
SC-001567.AV01,ACH-001567
SC-001568.AV01,ACH-001568
SC-001570.AV01,ACH-001570
SC-001574.AV01,ACH-001574
SC-001577.AV01,ACH-001577
SC-001606.AV01,ACH-001606
SC-001607.AV01,ACH-001607
SC-001608.AV01,ACH-001608
SC-001609.AV01,ACH-001609
SC-001610.AV01,ACH-001610
SC-001611.AV01,ACH-001611
SC-001613.AV01,ACH-001613
SC-001616.AV01,ACH-001616
SC-001618.AV01,ACH-001618
SC-001619.AV01,ACH-001619
SC-001622.AV01,ACH-001622
SC-001623.AV01,ACH-001623
SC-001624.AV01,ACH-001624
SC-001627.AV01,ACH-001627
SC-001628.AV01,ACH-001628
SC-001630.AV01,ACH-001630
SC-001634.AV01,ACH-001634
SC-001641.AV01,ACH-001641
SC-001642.AV01,ACH-001642
SC-001645.AV01,ACH-001645
SC-001647.AV01,ACH-001647
SC-001648.AV01,ACH-001648
SC-001649.AV01,ACH-001649
SC-001650.AV01,ACH-001650
SC-001651.AV01,ACH-001651
SC-001652.AV01,ACH-001652
SC-001653.AV01,ACH-001653
SC-001654.AV01,ACH-001654
SC-001655.AV01,ACH-001655
SC-001656.AV01,ACH-001656
SC-001662.AV01,ACH-001662
SC-001664.AV01,ACH-001664
SC-001668.AV01,ACH-001668
SC-001669.AV01,ACH-001669
SC-001670.AV01,ACH-001670
SC-001673.AV01,ACH-001673
SC-001674.AV01,ACH-001674
SC-001675.AV01,ACH-001675
SC-001677.AV01,ACH-001677
SC-001685.AV01,ACH-001685
SC-001687.AV01,ACH-001687
SC-001688.AV01,ACH-001688
SC-001690.AV01,ACH-001690
SC-001691.AV01,ACH-001691
SC-001692.AV01,ACH-001692
SC-001694.AV01,ACH-001694
SC-001695.AV01,ACH-001695
SC-001696.AV01,ACH-001696
SC-001698.AV01,ACH-001698
SC-001699.AV01,ACH-001699
SC-001701.AV01,ACH-001701
SC-001702.AV01,ACH-001702
SC-001707.AV01,ACH-001707
SC-001709.AV01,ACH-001709
SC-001711.AV01,ACH-001711
SC-001715.AV01,ACH-001715
SC-001719.AV01,ACH-001719
SC-001735.AV01,ACH-001735
SC-001736.AV01,ACH-001736
SC-001740.AV01,ACH-001740
SC-001745.AV01,ACH-001745
SC-001750.AV01,ACH-001750
SC-001765.AV01,ACH-001765
SC-001786.AV01,ACH-001786
SC-001791.AV01,ACH-001791
SC-001793.AV01,ACH-001793
SC-001794.AV01,ACH-001794
SC-001795.AV01,ACH-001795
SC-001796.AV01,ACH-001796
SC-001799.AV01,ACH-001799
SC-001802.AV01,ACH-001802
SC-001804.AV01,ACH-001804
SC-001814.AV01,ACH-001814
SC-001819.AV01,ACH-001819
SC-001820.AV01,ACH-001820
SC-001834.AV01,ACH-001834
SC-001835.AV01,ACH-001835
SC-001836.AV01,ACH-001836
SC-001838.AV01,ACH-001838
SC-001839.AV01,ACH-001839
SC-001841.AV01,ACH-001841
SC-001842.AV01,ACH-001842
SC-001843.AV01,ACH-001843
SC-001844.AV01,ACH-001844
SC-001848.AV01,ACH-001848
SC-001849.AV01,ACH-001849
SC-001850.AV01,ACH-001850
SC-001852.AV01,ACH-001852
SC-001853.AV01,ACH-001853
SC-001856.AV01,ACH-001856
SC-001857.AV01,ACH-001857
SC-001858.AV01,ACH-001858
SC-001861.AV01,ACH-001861
SC-001862.AV01,ACH-001862
SC-001863.AV01,ACH-001863
SC-001864.AV01,ACH-001864
SC-001959.AV01,ACH-001959
SC-001960.AV01,ACH-001960
SC-001961.AV01,ACH-001961
SC-001970.AV01,ACH-001970
SC-001972.AV01,ACH-001972
SC-001973.AV01,ACH-001973
SC-001977.AV01,ACH-001977
SC-001982.AV01,ACH-001982
SC-001986.AV01,ACH-001986
SC-001990.AV01,ACH-001990
SC-001991.AV01,ACH-001991
SC-001992.AV01,ACH-001992
SC-001993.AV01,ACH-001993
SC-001997.AV01,ACH-001997
SC-001999.AV01,ACH-001999
SC-002001.AV01,ACH-002001
SC-002002.AV01,ACH-002002
SC-002003.AV01,ACH-002003
SC-002004.AV01,ACH-002004
SC-002005.AV01,ACH-002005
SC-002014.AV02,ACH-002014
SC-002015.AV01,ACH-002015
SC-002016.AV01,ACH-002016
SC-002018.AV01,ACH-002018
SC-002019.AV01,ACH-002019
SC-002020.AV01,ACH-002020
SC-002021.AV01,ACH-002021
SC-002023.AV01,ACH-002023
SC-002024.AV01,ACH-002024
SC-002025.AV01,ACH-002025
SC-002026.AV01,ACH-002026
SC-002027.AV01,ACH-002027
SC-002029.AV01,ACH-002029
SC-002030.AV01,ACH-002030
SC-002035.AV01,ACH-002035
SC-002039.AV01,ACH-002039
SC-002040.AV01,ACH-002040
SC-002041.AV01,ACH-002041
SC-002042.AV01,ACH-002042
SC-002043.AV01,ACH-002043
SC-002044.AV01,ACH-002044
SC-002045.AV01,ACH-002045
SC-002046.AV01,ACH-002046
SC-002048.AV01,ACH-002048
SC-002051.AV01,ACH-002051
SC-002055.AV01,ACH-002055
SC-002059.AV01,ACH-002059
SC-002061.AV01,ACH-002061
SC-002062.AV01,ACH-002062
SC-002066.AV01,ACH-002066
SC-002067.AV01,ACH-002067
SC-002069.AV01,ACH-002069
SC-002070.AV01,ACH-002070
SC-002077.AV01,ACH-002077
SC-002080.AV01,ACH-002080
SC-002084.AV01,ACH-002084
SC-002204.AV01,ACH-002204
SC-002214.AV01,ACH-002214
SC-002215.AV01,ACH-002215
SC-002283.AV01,ACH-002283
SC-002291.AV01,ACH-002291
SC-002399.AV01,ACH-002399
SC-002400.AV01,ACH-002400
SC-002401.AV01,ACH-002401
SC-002446.AV01,ACH-002446
SC-002458.AV01,ACH-002458
SC-002460.AV01,ACH-002460
SC-002461.AV01,ACH-002461
SC-002462.AV01,ACH-002462
SC-002463.AV01,ACH-002463
SC-002464.AV01,ACH-002464
SC-002465.AV01,ACH-002465
SC-002467.AV01,ACH-002467
SC-002471.AV01,ACH-002471
SC-002475.AV01,ACH-002475
SC-002478.AV01,ACH-002478
SC-002485.AV01,ACH-002485
SC-002486.AV01,ACH-002486
SC-002500.AV01,ACH-002500
SC-002508.AV01,ACH-002508
SC-002510.AV01,ACH-002510
SC-002511.AV01,ACH-002511
SC-002512.AV01,ACH-002512
SC-002522.AV01,ACH-002522
SC-002523.AV01,ACH-002523
SC-002524.AV01,ACH-002524
SC-002526.AV01,ACH-002526
SC-002531.AV01,ACH-002531
SC-002533.AV01,ACH-002533
SC-002535.AV01,ACH-002535
SC-002538.AV01,ACH-002538
SC-002544.AV01,ACH-002544
SC-002647.AV01,ACH-002647
SC-002650.AV01,ACH-002650
SC-002654.AV01,ACH-002654
SC-002659.AV01,ACH-002659
SC-002660.AV01,ACH-002660
SC-002664.AV01,ACH-002664
SC-002669.AV01,ACH-002669
SC-002672.AV01,ACH-002672
SC-002677.AV01,ACH-002677
SC-002678.AV01,ACH-002678
SC-002680.AV01,ACH-002680
SC-002681.AV01,ACH-002681
SC-002687.AV01,ACH-002687
SC-002690.AV01,ACH-002690
SC-002693.AV01,ACH-002693
SC-002705.AV01,ACH-002705
SC-002706.AV01,ACH-002706
SC-002710.AV01,ACH-002710
SC-002778.AV01,ACH-002778
SC-002780.AV01,ACH-002780
SC-002782.AV01,ACH-002782
SC-002784.AV01,ACH-002784
SC-002785.AV01,ACH-002785
SC-002792.AV01,ACH-002792
SC-002799.AV01,ACH-002799
SC-002800.AV01,ACH-002800
SC-002806.AV01,ACH-002806
SC-002834.AV01,ACH-002834
SC-002847.AV01,ACH-002847
SC-002874.AV01,ACH-000219
SC-002875.AV01,ACH-000614
SC-002922.AV01,ACH-002922
SC-002926.AV01,ACH-002926
SC-003012.AV02,ACH-003012
SC-003012.AV01,ACH-003012
SC-001508.AV01,ACH-001508
SC-002528.AV01,ACH-002528
SC-002925.AV01,ACH-002925
SC-001683.AV01,ACH-001683
SC-001643.AV01,ACH-001643
SC-002530.AV01,ACH-002530
SC-002033.AV01,ACH-002033
SC-002052.AV01,ACH-002052
SC-002499.AV01,ACH-002499
SC-000022.CD01,ACH-000022
SC-000025.CD01,ACH-000025
SC-000053.CD01,ACH-000053
SC-000067.CD02,ACH-000067
SC-000074.CD01,ACH-000074
SC-000087.CD01,ACH-000087
SC-000097.CD01,ACH-000097
SC-000147.CD01,ACH-000147
SC-000168.CD01,ACH-000168
SC-000183.CD01,ACH-000183
SC-000233.CD01,ACH-000233
SC-000292.CD02,ACH-000292
SC-000404.CD01,ACH-000404
SC-000502.CD01,ACH-000502
SC-000527.CD01,ACH-000527
SC-000583.CD01,ACH-000583
SC-000696.CD01,ACH-000696
SC-000774.CD01,ACH-000774
SC-000804.CD01,ACH-000804
SC-000900.CD01,ACH-000900
SC-001509.CD01,ACH-001509
SC-001619.CD01,ACH-001619
SC-001858.CD01,ACH-001858
SC-001975.CD01,ACH-001975
SC-002928.CD01,ACH-002928
SC-001676.CD01,ACH-001676
SC-001578.CD01,ACH-001578
SC-002662.CD01,ACH-002662
SC-000749.CD01,ACH-000749
SC-001401.CD01,ACH-001401
SC-002711.CD01,ACH-002711
SC-002709.CD01,ACH-002709
SC-002490.CD01,ACH-002490
SC-001502.CD01,ACH-001502
SC-000373.CD01,ACH-000373
SC-000874.CD01,ACH-000874
SC-003177.CD01,ACH-003177
SC-003180.CD01,ACH-003180
SC-002470.CD01,ACH-002470
SC-000446.CD01,ACH-000446
SC-000956.KY01,ACH-000956
SC-000948.KY01,ACH-000948
SC-000323.KY01,ACH-000323
SC-000411.KY01,ACH-000411
SC-000137.KY01,ACH-000137
SC-000558.KY01,ACH-000558
SC-000788.KY01,ACH-000788
SC-000740.KY01,ACH-000740
SC-000657.KY01,ACH-000657
SC-000219.KY01,ACH-000219
SC-000681.KY01,ACH-000681
SC-000880.KY01,ACH-000880
SC-000269.KY01,ACH-000269
SC-000113.KY01,ACH-000113
SC-000336.KY01,ACH-000336
SC-002210.KY01,ACH-002210
SC-000248.KY01,ACH-000248
SC-000222.KY01,ACH-000222
SC-002212.KY01,ACH-002212
SC-000548.KY01,ACH-000548
SC-001331.KY01,ACH-001331
SC-000794.KY01,ACH-000794
SC-001332.KY01,ACH-001332
SC-001016.KY01,ACH-001016
SC-000535.KY01,ACH-000535
SC-000009.KY01,ACH-000009
SC-000832.KY01,ACH-000832
SC-000518.KY01,ACH-000518
SC-000856.KY01,ACH-000856
SC-001715.KY01,ACH-001715
SC-000354.KY01,ACH-000354
SC-000464.KY01,ACH-000464
SC-000120.KY01,ACH-000120
SC-000249.KY01,ACH-000249
SC-001039.KY01,ACH-001039
SC-000350.KY01,ACH-000350
SC-000717.KY01,ACH-000717
SC-000864.KY01,ACH-000864
SC-001820.KY01,ACH-001820
SC-002043.KY01,ACH-002043
SC-000103.KY01,ACH-000103
SC-002228.KY01,ACH-002228
SC-002229.KY01,ACH-002229
SC-002230.KY01,ACH-002230
SC-000243.KY01,ACH-000243
SC-000863.KY01,ACH-000863
SC-002233.KY01,ACH-002233
SC-000244.KY01,ACH-000244
SC-002234.KY01,ACH-002234
SC-000979.KY01,ACH-000979
SC-000207.KY01,ACH-000207
SC-000563.KY01,ACH-000563
SC-000305.KY01,ACH-000305
SC-000308.KY01,ACH-000308
SC-000936.KY01,ACH-000936
SC-001494.KY01,ACH-001494
SC-000585.KY01,ACH-000585
SC-000906.KY01,ACH-000906
SC-002105.KY01,ACH-002105
SC-002106.KY01,ACH-002106
SC-002109.KY01,ACH-002109
SC-001496.KY01,ACH-001496
SC-001497.KY01,ACH-001497
SC-000913.KY01,ACH-000913
SC-001065.KY01,ACH-001065
SC-002114.KY01,ACH-002114
SC-002110.KY01,ACH-002110
SC-002116.KY01,ACH-002116
SC-002119.KY01,ACH-002119
SC-000846.KY01,ACH-000846
SC-001500.KY01,ACH-001500
SC-000098.KY01,ACH-000098
SC-000738.KY01,ACH-000738
SC-000144.KY01,ACH-000144
SC-000756.KY01,ACH-000756
SC-001345.KY01,ACH-001345
SC-000980.KY01,ACH-000980
SC-000510.KY01,ACH-000510
SC-000666.KY01,ACH-000666
SC-000869.KY01,ACH-000869
SC-000035.KY01,ACH-000035
SC-000894.KY01,ACH-000894
SC-000434.KY01,ACH-000434
SC-000414.KY01,ACH-000414
SC-000587.KY01,ACH-000587
SC-001137.KY01,ACH-001137
SC-000781.KY01,ACH-000781
SC-000841.KY01,ACH-000841
SC-000481.KY01,ACH-000481
SC-000367.KY01,ACH-000367
SC-000900.KY01,ACH-000900
SC-002239.KY01,ACH-002239
SC-000337.KY01,ACH-000337
SC-000860.KY01,ACH-000860
SC-000395.KY01,ACH-000395
SC-000945.KY01,ACH-000945
SC-000843.KY01,ACH-000843
SC-000374.KY01,ACH-000374
SC-000111.KY01,ACH-000111
SC-000699.KY01,ACH-000699
SC-000878.KY01,ACH-000878
SC-000624.KY01,ACH-000624
SC-000223.KY01,ACH-000223
SC-000859.KY01,ACH-000859
SC-001081.KY01,ACH-001081
SC-000276.KY01,ACH-000276
SC-000668.KY01,ACH-000668
SC-000562.KY01,ACH-000562
SC-002243.KY01,ACH-002243
SC-000971.KY01,ACH-000971
SC-000997.KY01,ACH-000997
SC-001517.KY01,ACH-001517
SC-000847.KY01,ACH-000847
SC-002045.KY01,ACH-002045
SC-000861.KY01,ACH-000861
SC-000094.KY01,ACH-000094
SC-002141.KY01,ACH-002141
SC-000778.KY01,ACH-000778
SC-000546.KY01,ACH-000546
SC-000552.KY01,ACH-000552
SC-000926.KY01,ACH-000926
SC-002140.KY01,ACH-002140
SC-000148.KY01,ACH-000148
SC-000067.KY01,ACH-000067
SC-000118.KY01,ACH-000118
SC-000213.KY01,ACH-000213
SC-000966.KY01,ACH-000966
SC-000919.KY01,ACH-000919
SC-002247.KY01,ACH-002247
SC-002143.KY01,ACH-002143
SC-000132.KY01,ACH-000132
SC-000584.KY01,ACH-000584
SC-002249.KY01,ACH-002249
SC-002250.KY01,ACH-002250
SC-002251.KY01,ACH-002251
SC-000711.KY01,ACH-000711
SC-000793.KY01,ACH-000793
SC-002257.KY01,ACH-002257
SC-000293.KY01,ACH-000293
SC-000969.KY01,ACH-000969
SC-000714.KY01,ACH-000714
SC-000622.KY01,ACH-000622
SC-000858.KY01,ACH-000858
SC-001542.KY01,ACH-001542
SC-001107.KY01,ACH-001107
SC-000108.KY01,ACH-000108
SC-000265.KY01,ACH-000265
SC-000227.KY01,ACH-000227
SC-002261.KY01,ACH-002261
SC-000524.KY01,ACH-000524
SC-001544.KY01,ACH-001544
SC-000823.KY01,ACH-000823
SC-000855.KY01,ACH-000855
SC-002263.KY01,ACH-002263
SC-000873.KY01,ACH-000873
SC-000809.KY01,ACH-000809
SC-000865.KY01,ACH-000865
SC-000824.KY01,ACH-000824
SC-000637.KY01,ACH-000637
SC-000784.KY01,ACH-000784
SC-000662.KY01,ACH-000662
SC-000183.KY01,ACH-000183
SC-002150.KY01,ACH-002150
SC-002265.KY01,ACH-002265
SC-002156.KY01,ACH-002156
SC-001233.KY01,ACH-001233
SC-000596.KY01,ACH-000596
SC-000442.KY01,ACH-000442
SC-000769.KY01,ACH-000769
SC-000595.KY01,ACH-000595
SC-000977.KY01,ACH-000977
SC-002269.KY01,ACH-002269
SC-000176.KY01,ACH-000176
SC-000204.KY01,ACH-000204
SC-000252.KY01,ACH-000252
SC-000501.KY01,ACH-000501
SC-000957.KY01,ACH-000957
SC-000985.KY01,ACH-000985
SC-000007.KY01,ACH-000007
SC-000438.KY01,ACH-000438
SC-000787.KY01,ACH-000787
SC-000124.KY01,ACH-000124
SC-000950.KY01,ACH-000950
SC-000934.KY01,ACH-000934
SC-000876.KY01,ACH-000876
SC-000573.KY01,ACH-000573
SC-000910.KY01,ACH-000910
SC-000849.KY01,ACH-000849
SC-000796.KY01,ACH-000796
SC-000019.KY01,ACH-000019
SC-002160.KY01,ACH-002160
SC-000768.KY01,ACH-000768
SC-000935.KY01,ACH-000935
SC-001190.KY01,ACH-001190
SC-000192.KY01,ACH-000192
SC-000879.KY01,ACH-000879
SC-001819.KY01,ACH-001819
SC-000391.KY01,ACH-000391
SC-000601.KY01,ACH-000601
SC-002161.KY01,ACH-002161
SC-001126.KY01,ACH-001126
SC-000427.KY01,ACH-000427
SC-002278.KY01,ACH-002278
SC-002280.KY01,ACH-002280
SC-002282.KY01,ACH-002282
SC-002283.KY01,ACH-002283
SC-002083.KY01,ACH-002083
SC-002284.KY01,ACH-002284
SC-002285.KY01,ACH-002285
SC-001603.KY01,ACH-001603
SC-000200.KY01,ACH-000200
SC-000911.KY01,ACH-000911
SC-001368.KY01,ACH-001368
SC-000704.KY01,ACH-000704
SC-000962.KY01,ACH-000962
SC-002179.KY01,ACH-002179
SC-000544.KY01,ACH-000544
SC-000383.KY01,ACH-000383
SC-000024.KY01,ACH-000024
SC-001625.KY01,ACH-001625
SC-001626.KY01,ACH-001626
SC-002181.KY01,ACH-002181
SC-000291.KY01,ACH-000291
SC-000527.KY01,ACH-000527
SC-000947.KY01,ACH-000947
SC-002183.KY01,ACH-002183
SC-000001.KY01,ACH-000001
SC-001151.KY01,ACH-001151
SC-000696.KY01,ACH-000696
SC-000042.KY01,ACH-000042
SC-000139.KY01,ACH-000139
SC-000235.KY01,ACH-000235
SC-000417.KY01,ACH-000417
SC-000060.KY01,ACH-000060
SC-000599.KY01,ACH-000599
SC-000023.KY01,ACH-000023
SC-000030.KY01,ACH-000030
SC-002294.KY01,ACH-002294
SC-002295.KY01,ACH-002295
SC-002296.KY01,ACH-002296
SC-002297.KY01,ACH-002297
SC-002298.KY01,ACH-002298
SC-000619.KY01,ACH-000619
SC-001630.KY01,ACH-001630
SC-001632.KY01,ACH-001632
SC-002186.KY01,ACH-002186
SC-000320.KY01,ACH-000320
SC-000817.KY01,ACH-000817
SC-002189.KY01,ACH-002189
SC-000565.KY01,ACH-000565
SC-000505.KY01,ACH-000505
SC-000943.KY01,ACH-000943
SC-000965.KY01,ACH-000965
SC-000719.KY01,ACH-000719
SC-001639.KY01,ACH-001639
SC-002029.KY01,ACH-002029
SC-000238.KY01,ACH-000238
SC-001227.KY01,ACH-001227
SC-000181.KY01,ACH-000181
SC-002198.KY01,ACH-002198
SC-000609.KY01,ACH-000609
SC-000376.KY01,ACH-000376
SC-000273.KY01,ACH-000273
SC-000748.KY01,ACH-000748
SC-001654.KY01,ACH-001654
SC-000665.KY01,ACH-000665
SC-002304.KY01,ACH-002304
SC-002305.KY01,ACH-002305
SC-000260.KY01,ACH-000260
SC-000366.KY01,ACH-000366
SC-000341.KY01,ACH-000341
SC-000149.KY01,ACH-000149
SC-001193.KY01,ACH-001193
SC-000504.KY01,ACH-000504
SC-000974.KY01,ACH-000974
SC-000581.KY01,ACH-000581
SC-000932.KY01,ACH-000932
SC-000532.KY01,ACH-000532
SC-000991.KY01,ACH-000991
SC-000722.KY01,ACH-000722
SC-000970.KY01,ACH-000970
SC-000271.KY01,ACH-000271
SC-000660.KY01,ACH-000660
SC-000114.KY01,ACH-000114
SC-000656.KY01,ACH-000656
SC-000652.KY01,ACH-000652
SC-000437.KY01,ACH-000437
SC-000677.KY01,ACH-000677
SC-000155.KY01,ACH-000155
SC-000958.KY01,ACH-000958
SC-000651.KY01,ACH-000651
SC-001399.KY01,ACH-001399
SC-000421.KY01,ACH-000421
SC-000147.KY01,ACH-000147
SC-000381.KY01,ACH-000381
SC-000571.KY01,ACH-000571
SC-000424.KY01,ACH-000424
SC-000318.KY01,ACH-000318
SC-000917.KY01,ACH-000917
SC-000408.KY01,ACH-000408
SC-000452.KY01,ACH-000452
SC-000694.KY01,ACH-000694
SC-001674.KY01,ACH-001674
SC-002202.KY01,ACH-002202
SC-000048.KY01,ACH-000048
SC-000885.KY01,ACH-000885
SC-000561.KY01,ACH-000561
SC-000430.KY01,ACH-000430
SC-000232.KY01,ACH-000232
SC-000075.KY01,ACH-000075
SC-000554.KY01,ACH-000554
SC-001418.KY01,ACH-001418
SC-000469.KY01,ACH-000469
SC-001605.KY01,ACH-001605
SC-001606.KY01,ACH-001606
